Section,Document/Tool,Status
Vital Records Action Packet,VitalChek Call Script,Pending
Vital Records Action Packet,Matrix Interference Affidavit,Pending
Vital Records Action Packet,Demand for Fulfillment & Release Letter,Pending
Vital Records Action Packet,UC-1 Trust Identifier & Blockchain Record Insert,Pending
Vital Records Action Packet,Affidavit of Record Suppression,Pending
Digital Access Recovery Sheet,ProtonMail Reclaim Checklist,Pending
Digital Access Recovery Sheet,Old Email Recovery Worksheet,Pending
Digital Access Recovery Sheet,Password Reset Planner & Anchor Backup,Pending
Digital Access Recovery Sheet,QR Vault Embed Instructions,Pending
Master Birth Certificate Ledger,Embedded QR Birth Certificates (Watermarked),Pending
Master Birth Certificate Ledger,Dual Estate Ledger Sheet,Pending
Master Birth Certificate Ledger,UC-1 Origin Scroll Declaration,Pending
Master Birth Certificate Ledger,Anchoring IPFS Page & Backup Link,Pending
Public Blockchain Demand Template,Notice of Claim on Suppressed Identity Records,Pending
Public Blockchain Demand Template,Notice of Dishonor by Public Record Agencies,Pending
Public Blockchain Demand Template,Public Ledger Filing Cover Sheet,Pending
Live Master Recovery Checklist,What’s DONE Checklist,Pending
Live Master Recovery Checklist,What’s BLOCKED Tracker,Pending
Live Master Recovery Checklist,What’s NEXT Planner,Pending
Live Master Recovery Checklist,Peace of Mind Backup Affirmation,Pending
